<?xml version="1.0" encoding="UTF-8"?>
<project-private xmlns="http://www.netbeans.org/ns/project-private/1">
    <editor-bookmarks xmlns="http://www.netbeans.org/ns/editor-bookmarks/2" lastBookmarkId="0"/>
    <open-files xmlns="http://www.netbeans.org/ns/projectui-open-files/2">
        <group>
            <file>file:/D:/Academic/Network%20&amp;%20Web%20Application%20Design/Lab04_Servlet_Syncronization/Address_Book/web/new.html</file>
            <file>file:/D:/Academic/Network%20&amp;%20Web%20Application%20Design/Lab04_Servlet_Syncronization/Address_Book/src/java/AddressBook.java</file>
            <file>file:/D:/Academic/Network%20&amp;%20Web%20Application%20Design/Lab04_Servlet_Syncronization/Address_Book/web/addressBook.txt</file>
            <file>file:/D:/Academic/Network%20&amp;%20Web%20Application%20Design/Lab04_Servlet_Syncronization/Address_Book/web/search.html</file>
            <file>file:/D:/Academic/Network%20&amp;%20Web%20Application%20Design/Lab04_Servlet_Syncronization/Address_Book/src/java/NewEntry.java</file>
        </group>
    </open-files>
</project-private>
